5E-CF-7F-01-85-56,5ECF7F018556,5C-CF-7F-01-85-56,5CCF7F018556
5E-CF-7F-01-85-56,5ECF7F018556,5C-CF-7F-01-85-56,5CCF7F018556
5E-CF-7F-1A-CE-0F,5ECF7F1ACE0F,5C-CF-7F-1A-CE-0F,5CCF7F1ACE0F
5E-CF-7F-1A-CE-0F,5ECF7F1ACE0F,5C-CF-7F-1A-CE-0F,5CCF7F1ACE0F
5E-CF-7F-1A-CE-0F,5ECF7F1ACE0F,5C-CF-7F-1A-CE-0F,5CCF7F1ACE0F
5E-CF-7F-1A-CE-0F,5ECF7F1ACE0F,5C-CF-7F-1A-CE-0F,5CCF7F1ACE0F
5E-CF-7F-1A-CE-0F,5ECF7F1ACE0F,5C-CF-7F-1A-CE-0F,5CCF7F1ACE0F
5E-CF-7F-1A-CE-0F,5ECF7F1ACE0F,5C-CF-7F-1A-CE-0F,5CCF7F1ACE0F
1A-FE-34-DA-C6-83,1AFE34DAC683,18-FE-34-DA-C6-83,18FE34DAC683
1A-FE-34-DA-C6-83,1AFE34DAC683,18-FE-34-DA-C6-83,18FE34DAC683
5E-CF-7F-1A-CE-0F,5ECF7F1ACE0F,5C-CF-7F-1A-CE-0F,5CCF7F1ACE0F
1A-FE-34-DA-C6-83,1AFE34DAC683,18-FE-34-DA-C6-83,18FE34DAC683
5E-CF-7F-1A-CE-0F,5ECF7F1ACE0F,5C-CF-7F-1A-CE-0F,5CCF7F1ACE0F
